{"cameraMode":{"drawMode":0,"name":"Shaded","section":"Shading Mode"},"sceneLighting":false,"audioPlay":false,"sceneViewState":{"m_AlwaysRefresh":false,"showFog":true,"showSkybox":false,"showFlares":true,"showImageEffects":true,"showParticleSystems":true,"showVisualEffectGraphs":true,"m_FxEnabled":true},"in2DMode":false,"pivot":{"x":-3.1373653411865236,"y":0.7582060098648071,"z":-1.3338851928710938},"rotation":{"x":-0.0016531243454664946,"y":-0.9950717687606812,"z":-0.008881735615432263,"w":0.10115492343902588},"size":0.11600247025489807,"orthographic":false}