{"cameraMode":{"drawMode":0,"name":"Shaded","section":"Shading Mode"},"sceneLighting":true,"audioPlay":false,"sceneViewState":{"m_AlwaysRefresh":false,"showFog":true,"showSkybox":false,"showFlares":true,"showImageEffects":true,"showParticleSystems":true,"showVisualEffectGraphs":true,"m_FxEnabled":true},"in2DMode":false,"pivot":{"x":0.7781296372413635,"y":0.656912624835968,"z":0.38115569949150088},"rotation":{"x":0.06736056506633759,"y":-0.9186159372329712,"z":0.17887936532497407,"w":0.3460847735404968},"size":0.6052401065826416,"orthographic":false}