{"cameraMode":{"drawMode":0,"name":"Shaded","section":"Shading Mode"},"sceneLighting":false,"audioPlay":false,"sceneViewState":{"m_AlwaysRefresh":false,"showFog":true,"showSkybox":false,"showFlares":true,"showImageEffects":true,"showParticleSystems":true,"showVisualEffectGraphs":true,"m_FxEnabled":true},"in2DMode":false,"pivot":{"x":16.558012008666993,"y":-5.210625171661377,"z":-29.500110626220704},"rotation":{"x":0.13755540549755097,"y":0.11266008019447327,"z":-0.01575143076479435,"w":0.9839556813240051},"size":12.926918983459473,"orthographic":false}