{"cameraMode":{"drawMode":0,"name":"Shaded","section":"Shading Mode"},"sceneLighting":false,"audioPlay":false,"sceneViewState":{"m_AlwaysRefresh":false,"showFog":true,"showSkybox":false,"showFlares":true,"showImageEffects":true,"showParticleSystems":true,"showVisualEffectGraphs":true,"m_FxEnabled":true},"in2DMode":false,"pivot":{"x":2.1749930381774904,"y":1.474080204963684,"z":-13.069108963012696},"rotation":{"x":-0.08827280253171921,"y":0.6858894228935242,"z":-0.08435598760843277,"w":-0.7174530029296875},"size":3.8801610469818117,"orthographic":true}