{"cameraMode":{"drawMode":0,"name":"Shaded","section":"Shading Mode"},"sceneLighting":false,"audioPlay":false,"sceneViewState":{"m_AlwaysRefresh":false,"showFog":true,"showSkybox":false,"showFlares":true,"showImageEffects":true,"showParticleSystems":true,"showVisualEffectGraphs":true,"m_FxEnabled":true},"in2DMode":false,"pivot":{"x":0.3736604154109955,"y":0.0667383074760437,"z":-0.5097821354866028},"rotation":{"x":0.08284159004688263,"y":-0.8789658546447754,"z":0.16569621860980988,"w":0.43965020775794985},"size":0.7594243884086609,"orthographic":false}