{"cameraMode":{"drawMode":0,"name":"Shaded","section":"Shading Mode"},"sceneLighting":false,"audioPlay":false,"sceneViewState":{"m_AlwaysRefresh":false,"showFog":true,"showSkybox":false,"showFlares":true,"showImageEffects":true,"showParticleSystems":true,"showVisualEffectGraphs":true,"m_FxEnabled":true},"in2DMode":false,"pivot":{"x":-0.04448002576828003,"y":0.5394471287727356,"z":-0.14636147022247315},"rotation":{"x":0.10074537992477417,"y":0.8840367794036865,"z":-0.22368192672729493,"w":0.3983016014099121},"size":0.9074660539627075,"orthographic":false}