{"cameraMode":{"drawMode":0,"name":"Shaded","section":"Shading Mode"},"sceneLighting":false,"audioPlay":false,"sceneViewState":{"m_AlwaysRefresh":false,"showFog":true,"showSkybox":false,"showFlares":true,"showImageEffects":true,"showParticleSystems":true,"showVisualEffectGraphs":true,"m_FxEnabled":true},"in2DMode":false,"pivot":{"x":-2.4701898097991945,"y":1.113281488418579,"z":-0.5548904538154602},"rotation":{"x":0.055147018283605579,"y":-0.7625463604927063,"z":0.06561510264873505,"w":0.6413694024085999},"size":2.127026081085205,"orthographic":false}