{"cameraMode":{"drawMode":0,"name":"Shaded","section":"Shading Mode"},"sceneLighting":false,"audioPlay":false,"sceneViewState":{"m_AlwaysRefresh":false,"showFog":true,"showSkybox":false,"showFlares":true,"showImageEffects":true,"showParticleSystems":true,"showVisualEffectGraphs":true,"m_FxEnabled":true},"in2DMode":false,"pivot":{"x":-0.5586000680923462,"y":0.6005693674087524,"z":0.8279879093170166},"rotation":{"x":0.021770494058728219,"y":-0.2983371615409851,"z":0.006806098856031895,"w":0.9542849659919739},"size":0.7550324201583862,"orthographic":false}