{"cameraMode":{"drawMode":0,"name":"Shaded","section":"Shading Mode"},"sceneLighting":false,"audioPlay":false,"sceneViewState":{"m_AlwaysRefresh":false,"showFog":true,"showSkybox":false,"showFlares":true,"showImageEffects":true,"showParticleSystems":true,"showVisualEffectGraphs":true,"m_FxEnabled":true},"in2DMode":false,"pivot":{"x":-0.4439127445220947,"y":0.9280392527580261,"z":0.22413784265518189},"rotation":{"x":0.049004558473825458,"y":-0.8970980048179627,"z":0.10300809144973755,"w":0.4270569384098053},"size":0.7550324201583862,"orthographic":false}