{"cameraMode":{"drawMode":0,"name":"Shaded","section":"Shading Mode"},"sceneLighting":false,"audioPlay":false,"sceneViewState":{"m_AlwaysRefresh":false,"showFog":true,"showSkybox":false,"showFlares":true,"showImageEffects":true,"showParticleSystems":true,"showVisualEffectGraphs":true,"m_FxEnabled":true},"in2DMode":false,"pivot":{"x":10.549674987792969,"y":9.167258262634278,"z":18.35272216796875},"rotation":{"x":-0.052225567400455478,"y":0.8968186378479004,"z":-0.10974235832691193,"w":-0.4259134531021118},"size":0.8660253882408142,"orthographic":false}