{"cameraMode":{"drawMode":0,"name":"Shaded","section":"Shading Mode"},"sceneLighting":false,"audioPlay":false,"sceneViewState":{"m_AlwaysRefresh":false,"showFog":true,"showSkybox":false,"showFlares":true,"showImageEffects":true,"showParticleSystems":true,"showVisualEffectGraphs":true,"m_FxEnabled":true},"in2DMode":false,"pivot":{"x":-0.012420549988746643,"y":0.007121846079826355,"z":-0.003112584352493286},"rotation":{"x":0.08284159004688263,"y":-0.8789658546447754,"z":0.16569621860980988,"w":0.43965020775794985},"size":0.40663328766822817,"orthographic":false}