{"cameraMode":{"drawMode":0,"name":"Shaded","section":"Shading Mode"},"sceneLighting":false,"audioPlay":false,"sceneViewState":{"m_AlwaysRefresh":false,"showFog":true,"showSkybox":false,"showFlares":true,"showImageEffects":true,"showParticleSystems":true,"showVisualEffectGraphs":true,"m_FxEnabled":true},"in2DMode":false,"pivot":{"x":2.169081687927246,"y":0.02471698820590973,"z":-0.8517515063285828},"rotation":{"x":0.7075434327125549,"y":-0.029644686728715898,"z":0.029735049232840539,"w":0.7054243087768555},"size":2.6420772075653078,"orthographic":true}