{"cameraMode":{"drawMode":0,"name":"Shaded","section":"Shading Mode"},"sceneLighting":false,"audioPlay":false,"sceneViewState":{"m_AlwaysRefresh":false,"showFog":true,"showSkybox":false,"showFlares":true,"showImageEffects":true,"showParticleSystems":true,"showVisualEffectGraphs":true,"m_FxEnabled":true},"in2DMode":false,"pivot":{"x":-0.2690683901309967,"y":1.5445752143859864,"z":-3.163945198059082},"rotation":{"x":-0.003198963589966297,"y":0.996198832988739,"z":-0.07666849344968796,"w":-0.041563909500837329},"size":2.0006775856018068,"orthographic":false}