{"cameraMode":{"drawMode":0,"name":"Shaded","section":"Shading Mode"},"sceneLighting":false,"audioPlay":false,"sceneViewState":{"m_AlwaysRefresh":false,"showFog":true,"showSkybox":false,"showFlares":true,"showImageEffects":true,"showParticleSystems":true,"showVisualEffectGraphs":true,"m_FxEnabled":true},"in2DMode":false,"pivot":{"x":0.051926374435424808,"y":0.07815408706665039,"z":0.020460844039916993},"rotation":{"x":0.7075434327125549,"y":-0.029644686728715898,"z":0.029735049232840539,"w":0.7054243087768555},"size":1.5581727027893067,"orthographic":true}