{"cameraMode":{"drawMode":0,"name":"Shaded","section":"Shading Mode"},"sceneLighting":false,"audioPlay":false,"sceneViewState":{"m_AlwaysRefresh":false,"showFog":true,"showSkybox":false,"showFlares":true,"showImageEffects":true,"showParticleSystems":true,"showVisualEffectGraphs":true,"m_FxEnabled":true},"in2DMode":false,"pivot":{"x":3.9241340160369875,"y":-0.7623294591903687,"z":-19.142417907714845},"rotation":{"x":0.06252024322748184,"y":-0.8452962636947632,"z":0.10139361768960953,"w":0.5209259390830994},"size":0.6612998843193054,"orthographic":true}