{"cameraMode":{"drawMode":0,"name":"Shaded","section":"Shading Mode"},"sceneLighting":false,"audioPlay":false,"sceneViewState":{"m_AlwaysRefresh":false,"showFog":true,"showSkybox":false,"showFlares":true,"showImageEffects":true,"showParticleSystems":true,"showVisualEffectGraphs":true,"m_FxEnabled":true},"in2DMode":false,"pivot":{"x":-1.0117336511611939,"y":1.4915326833724976,"z":0.5900881290435791},"rotation":{"x":-0.05237091705203056,"y":0.34418606758117678,"z":-0.019216695800423623,"w":-0.9373400807380676},"size":1.5232930183410645,"orthographic":false}